{"count":1,"self":43.502736,"total":5725.8648634,"children":{"InitializeActuators":{"count":1,"self":0.0019933,"total":0.0019933,"children":null},"InitializeSensors":{"count":1,"self":0.0009968,"total":0.0009968,"children":null},"AgentSendState":{"count":1748551,"self":1.0977719,"total":19.6003655,"children":{"CollectObservations":{"count":349711,"self":14.1636752,"total":14.1636759,"children":null},"WriteActionMask":{"count":349711,"self":0.16394889999999998,"total":0.16394889999999998,"children":null},"RequestDecision":{"count":349711,"self":0.3610506,"total":4.1749687999999994,"children":{"AgentInfo.ToProto":{"count":349711,"self":0.9069702,"total":3.8139182,"children":{"GenerateSensorData":{"count":349711,"self":2.906948,"total":2.906948,"children":null}}}}}}},"DecideAction":{"count":1748551,"self":5659.1089664,"total":5659.1091643,"children":null},"AgentAct":{"count":1748551,"self":3.614712,"total":3.6157084999999998,"children":{"AgentInfo.ToProto":{"count":80,"self":0.00099669999999999989,"total":0.00099669999999999989,"children":{"GenerateSensorData":{"count":80,"self":0,"total":0,"children":null}}}}},"AgentInfo.ToProto":{"count":3191,"self":0.0069749999999999994,"total":0.0328904,"children":{"GenerateSensorData":{"count":3191,"self":0.025915399999999998,"total":0.025915399999999998,"children":null}}}},"gauges":{"MyWorm.CumulativeReward":{"count":3271,"max":46.6271362,"min":-4.863713,"runningAverage":12.2748594,"value":12.9405117,"weightedAverage":13.02622}},"metadata":{"timer_format_version":"0.1.0","start_time_seconds":"1747633004","unity_version":"2022.3.44f1","command_line_arguments":"C:\\Users\\HHONG\\Documents\\GitHub\\earthworm_AI_2D\\WormPlace\\worm2D.exe -nographics -batchmode --mlagents-port 5012 -logFile C:\\Users\\HHONG\\results\\worm_agent_2D\\run_logs\\Player-7.log","communication_protocol_version":"1.5.0","com.unity.ml-agents_version":"2.0.1","scene_name":"SampleScene","end_time_seconds":"1747638729"}}