{"count":1,"self":337.17163519999997,"total":9884.1612759,"children":{"InitializeActuators":{"count":1,"self":0.0009979,"total":0.0009979,"children":null},"InitializeSensors":{"count":1,"self":0.0010002,"total":0.0010002,"children":null},"AgentSendState":{"count":17067468,"self":7.3201936,"total":106.6529149,"children":{"CollectObservations":{"count":3413494,"self":66.3656512,"total":66.3656507,"children":null},"WriteActionMask":{"count":3413494,"self":1.1204532999999999,"total":1.1204532999999999,"children":null},"RequestDecision":{"count":3413494,"self":2.3614238,"total":31.8466171,"children":{"AgentInfo.ToProto":{"count":3413494,"self":6.5010296,"total":29.4851933,"children":{"GenerateSensorData":{"count":3413494,"self":22.984163199999998,"total":22.9841637,"children":null}}}}}}},"DecideAction":{"count":17067468,"self":9418.9969408,"total":9418.997035299999,"children":null},"AgentAct":{"count":17067468,"self":21.117152,"total":21.1311525,"children":{"AgentInfo.ToProto":{"count":1413,"self":0.0020009,"total":0.013999999999999999,"children":{"GenerateSensorData":{"count":1413,"self":0.011999099999999999,"total":0.011999099999999999,"children":null}}}}},"AgentInfo.ToProto":{"count":21684,"self":0.0437086,"total":0.2015393,"children":{"GenerateSensorData":{"count":21684,"self":0.1578307,"total":0.1578307,"children":null}}}},"gauges":{"MyWorm.CumulativeReward":{"count":23097,"max":33.93643,"min":-13.2747393,"runningAverage":10.4829483,"value":13.9009924,"weightedAverage":12.1515932}},"metadata":{"timer_format_version":"0.1.0","start_time_seconds":"1749348625","unity_version":"2022.3.44f1","command_line_arguments":"C:\\Users\\HHONG\\Documents\\GitHub\\earthworm_AI_2D\\WormPlace\\worm2D.exe -nographics -batchmode --mlagents-port 5005 -logFile C:\\Users\\HHONG\\results\\WormAgent2D1_1\\run_logs\\Player-0.log","communication_protocol_version":"1.5.0","com.unity.ml-agents_version":"2.0.1","scene_name":"SampleScene","end_time_seconds":"1749358509"}}