{"count":1,"self":29.0764416,"total":2534.193992,"children":{"InitializeActuators":{"count":1,"self":0.0019931,"total":0.0019931,"children":null},"InitializeSensors":{"count":1,"self":0.00099589999999999987,"total":0.00099589999999999987,"children":null},"AgentSendState":{"count":1215967,"self":0.7803988,"total":11.6782442,"children":{"CollectObservations":{"count":243194,"self":7.9755367999999995,"total":7.9755370999999995,"children":null},"WriteActionMask":{"count":243194,"self":0.1180769,"total":0.1180769,"children":null},"RequestDecision":{"count":243194,"self":0.22974789999999998,"total":2.8042314,"children":{"AgentInfo.ToProto":{"count":243194,"self":0.6565553,"total":2.5744835,"children":{"GenerateSensorData":{"count":243194,"self":1.9179282,"total":1.9179282,"children":null}}}}}}},"DecideAction":{"count":1215967,"self":2491.1515648,"total":2491.1516668,"children":null},"AgentAct":{"count":1215967,"self":2.2736484,"total":2.2756422,"children":{"AgentInfo.ToProto":{"count":99,"self":0,"total":0.0019936999999999997,"children":{"GenerateSensorData":{"count":99,"self":0.0019936999999999997,"total":0.0019936999999999997,"children":null}}}}},"AgentInfo.ToProto":{"count":575,"self":0.0019928999999999997,"total":0.0070132,"children":{"GenerateSensorData":{"count":575,"self":0.0050203,"total":0.0050203,"children":null}}}},"gauges":{"MyWorm.CumulativeReward":{"count":674,"max":23.1170769,"min":-5.2963,"runningAverage":7.46050024,"value":14.3364258,"weightedAverage":6.106179}},"metadata":{"timer_format_version":"0.1.0","start_time_seconds":"1747574673","unity_version":"2022.3.44f1","command_line_arguments":"C:\\Users\\HHONG\\Documents\\GitHub\\earthworm_AI_2D\\WormPlace\\worm2D.exe -nographics -batchmode --mlagents-port 5006 -logFile C:\\Users\\HHONG\\results\\ppo\\run_logs\\Player-1.log","communication_protocol_version":"1.5.0","com.unity.ml-agents_version":"2.0.1","scene_name":"SampleScene","end_time_seconds":"1747577207"}}