{"count":1,"self":81.969196799999992,"total":2485.2940997,"children":{"InitializeActuators":{"count":1,"self":0.0009962,"total":0.0009962,"children":null},"InitializeSensors":{"count":1,"self":0.0010004999999999999,"total":0.0010004999999999999,"children":null},"AgentSendState":{"count":3841051,"self":1.7558284,"total":24.6550081,"children":{"CollectObservations":{"count":768211,"self":15.625748799999998,"total":15.6257491,"children":null},"WriteActionMask":{"count":768211,"self":0.2355399,"total":0.2355399,"children":null},"RequestDecision":{"count":768211,"self":0.5271672,"total":7.0378906999999993,"children":{"AgentInfo.ToProto":{"count":768211,"self":1.4629012,"total":6.5107235,"children":{"GenerateSensorData":{"count":768211,"self":5.0478223999999994,"total":5.0478223,"children":null}}}}}}},"DecideAction":{"count":3841051,"self":2373.1365888,"total":2373.1365677999997,"children":null},"AgentAct":{"count":3841051,"self":5.4466139999999994,"total":5.4476103999999994,"children":{"AgentInfo.ToProto":{"count":151,"self":0,"total":0.0009965,"children":{"GenerateSensorData":{"count":151,"self":0.0009965,"total":0.0009965,"children":null}}}}},"AgentInfo.ToProto":{"count":8354,"self":0.0119642,"total":0.0807314,"children":{"GenerateSensorData":{"count":8354,"self":0.0687672,"total":0.0687672,"children":null}}}},"gauges":{"MyWorm.CumulativeReward":{"count":8505,"max":20.5184212,"min":-11.2552643,"runningAverage":11.9914465,"value":14.062562,"weightedAverage":14.0107107}},"metadata":{"timer_format_version":"0.1.0","start_time_seconds":"1749467675","unity_version":"2022.3.44f1","command_line_arguments":"C:\\Users\\HHONG\\Documents\\GitHub\\earthworm_AI_2D\\WormPlace\\worm2D.exe -nographics -batchmode --mlagents-port 5006 -logFile C:\\Users\\HHONG\\results\\WormAgent2D1\\run_logs\\Player-1.log","communication_protocol_version":"1.5.0","com.unity.ml-agents_version":"2.0.1","scene_name":"SampleScene","end_time_seconds":"1749470161"}}