{"count":1,"self":78.4667008,"total":2862.9508204,"children":{"InitializeActuators":{"count":2,"self":0.00099629999999999988,"total":0.00099629999999999988,"children":null},"InitializeSensors":{"count":2,"self":0.0009966,"total":0.0009966,"children":null},"AgentSendState":{"count":2750984,"self":1.7507916,"total":35.5574814,"children":{"CollectObservations":{"count":1100394,"self":24.8959616,"total":24.8959613,"children":null},"WriteActionMask":{"count":1100394,"self":0.281953,"total":0.281953,"children":null},"RequestDecision":{"count":1100394,"self":0.69366909999999993,"total":8.6287754,"children":{"AgentInfo.ToProto":{"count":1100394,"self":1.7867549999999999,"total":7.9351062999999993,"children":{"GenerateSensorData":{"count":1100394,"self":6.1483512,"total":6.1483513,"children":null}}}}}}},"DecideAction":{"count":2750984,"self":2742.6105344,"total":2742.6106108999998,"children":null},"AgentAct":{"count":2750984,"self":6.2666892,"total":6.2676861,"children":{"AgentInfo.ToProto":{"count":320,"self":0,"total":0.0009969,"children":{"GenerateSensorData":{"count":320,"self":0.0009969,"total":0.0009969,"children":null}}}}},"AgentInfo.ToProto":{"count":7812,"self":0.007973,"total":0.0443576,"children":{"GenerateSensorData":{"count":7812,"self":0.036384599999999996,"total":0.036384599999999996,"children":null}}}},"gauges":{"WormA.CumulativeReward":{"count":4066,"max":19.9649963,"min":-20.8658352,"runningAverage":4.261079,"value":5.94627953,"weightedAverage":5.66606855},"WormB.CumulativeReward":{"count":4066,"max":25.7858639,"min":-20.9323215,"runningAverage":7.851999,"value":-10.0768919,"weightedAverage":3.68554688}},"metadata":{"timer_format_version":"0.1.0","start_time_seconds":"1749964337","unity_version":"2022.3.44f1","command_line_arguments":"C:\\Users\\HHONG\\Documents\\GitHub\\earthworm_AI_2D\\WormPlace\\worm2D.exe -nographics -batchmode --mlagents-port 5006 -logFile C:\\Users\\HHONG\\results\\WormAgent2D_Compitition\\run_logs\\Player-1.log","communication_protocol_version":"1.5.0","com.unity.ml-agents_version":"2.0.1","scene_name":"SampleScene","end_time_seconds":"1749967200"}}