{"count":1,"self":56.637254399999996,"total":62.7581898,"children":{"InitializeActuators":{"count":2,"self":0.0009965,"total":0.0009965,"children":null},"InitializeSensors":{"count":2,"self":0.00099669999999999989,"total":0.00099669999999999989,"children":null},"AgentSendState":{"count":2890,"self":0.0037765999999999997,"total":0.044598099999999995,"children":{"CollectObservations":{"count":1156,"self":0.0278558,"total":0.0278558,"children":null},"WriteActionMask":{"count":1156,"self":0.00099669999999999989,"total":0.00099669999999999989,"children":null},"RequestDecision":{"count":1156,"self":0.011968999999999999,"total":0.011968999999999999,"children":null}}},"DecideAction":{"count":2890,"self":6.0519248,"total":6.0519247,"children":null},"AgentAct":{"count":2890,"self":0.0224189,"total":0.0224189,"children":null}},"gauges":{"MyWorm.CumulativeReward":{"count":36,"max":20.2672462,"min":0.08214378,"runningAverage":11.9134674,"value":7.91697025,"weightedAverage":12.2997589}},"metadata":{"timer_format_version":"0.1.0","start_time_seconds":"1749835284","unity_version":"2022.3.44f1","command_line_arguments":"C:\\Program Files\\Unity\\Hub\\Editor\\2022.3.44f1\\Editor\\Unity.exe -projectpath C:\\Users\\HHONG\\Documents\\GitHub\\earthworm_AI_2D -useHub -hubIPC -cloudEnvironment production -licensingIpc LicenseClient-HHONG -hubSessionId 51345bd5-636b-46b3-a9b8-88e57b9167f5 -accessToken 3kCluyErhl_3apSv62Qny7UjGnVPa5gb2K4N9zjAtrQ00df","communication_protocol_version":"1.5.0","com.unity.ml-agents_version":"2.0.1","scene_name":"SampleScene","end_time_seconds":"1749835347"}}